text,label,source
"During the last years of Woodrow Wilson's administration, a red scare developed in our country. Many Americans reacted irrationally to the challenge of Russia and turned to the repression of ideas by force. Postmaster General Burleson set about to protect the American people against radical propaganda that might be spread through the mails. Attorney General Palmer made a series of raids that sent more than 4,000 so-called radicals to the jails, in direct violation of their constitutional rights. Then, not many years later, the Un-American Activities Committee, under the leadership of Martin Dies, pilloried hundreds of decent, patriotic citizens. Anyone who tried to remedy some of the most glaring defects in our form of democracy was denounced as a traitorous red whose real purpose was the destruction of our government. This hysteria reached its height under the leadership of Senator Joseph McCarthy",0,human_brown_corpus
"Education is a crucial element in modern society because we need to ensure that people have access to good health care, they have health coverage and they are living in a good lifestyle. But the biggest challenge for those in the working-class part of the country is the economic crisis. For many families, the struggle is not about getting a job but about building a quality life. We cannot continue to get food for our children, we cannot afford to feed our young people, even if it means putting them on an economic aid package. It is our social responsibility not just to support the poor but to make sure that they get their food and that their incomes grow. And what it doesn't mean is to take our families out of our life-and-death choices. To take them out. The government can do that by imposing more and more of those measures, including the creation of a ""working poverty programme"", which provides jobs for workers. No one should be forced to work hard to avoid going out and being a burden. But we must continue the campaign of cutting welfare. There are people in",1,ai_gpt2_continuation_0
"Analyzing the economic impact of clean energy adoption reveals a dynamic shift in global market trends. The transition from fossil fuels to renewable energy sources such as solar, wind, and geothermal power is driving significant job creation and technological innovation. Furthermore, reducing dependence on carbon-intensive energy sources mitigates long-term economic damages associated with climate change and environmental degradation. However, this transition also presents structural challenges, including grid modernization and workforce retraining. Policymakers must carefully coordinate financial incentives and regulatory frameworks to maximize economic benefits while ensuring a just transition for affected communities.",1,ai_style2_analytical_5
"The impact of technology on modern society represents one of the most significant transformations in human history. From the invention of the printing press to the development of artificial intelligence, technological advancement has consistently reshaped how we live, work, and communicate. In the contemporary era, digital technology has become an integral part of daily life, influencing everything from interpersonal relationships to global commerce. While the benefits of technological progress are numerous and well-documented, it is equally important to consider the challenges and ethical implications that accompany these innovations. This essay will explore the multifaceted nature of technology's influence on society.",1,ai_style1_formal_1
"I have been practicing photography as a hobby for several years, and it has changed how I view the world. Photography allows me to capture specific moments in time and express my creative vision. I've learned how to adjust lighting, composition, and focus to create compelling images. In college, I hope to take advanced photography courses and participate in art exhibitions to share my work with the campus community.",1,ai_style3_narrative_12
"Writers of this class of science fiction have clearly in mind the assumptions that man can master the principles of this cause-and-effect universe and that such mastery will necessarily better the human lot. On the other hand, the bright vision of the future has been directly stated in science fiction concerned with projecting ideal societies -- science fiction, of course, is related, if sometimes distantly, to that utopian literature optimistic about science, literature whose period of greatest vigor in the late nineteenth and early twentieth centuries produced Edward Bellamy's Looking Backward and H. G. Wells's A Modern Utopia. In Arthur Clarke's Childhood's End ( 1953 ), though written after the present flood of dystopias began, we can see the bright vision of science fiction clearly defined. Childhood's End -- apparently indebted to Kurd Lasswitz's Utopian romance, Auf Zwei Planeten ( 1897 ), and also to Wells's Histories Of The Future, especially, The World Set Free ( 1914 ) and The Shape Of Things To Come ( 1933 ) -- describes the bloodless conquest of earth by the Overlords, vastly superior creatures who come to our world in order to prepare the human race for its next stage of development, an eventual merging with the composite mind of the universe. Arriving just in time to stop men from turning their",0,human_brown_corpus
"Thus, the three main categories of antisubmarine warfare operations are defense of shipping, defense of naval forces, and area defense. The last category overlaps the others in amphibious operations and near terminals and bases. To effect these operations, five elements exist ( 1 ) surface, ( 2 ) air, ( 3 ) mines, ( 4 ) submarine, and ( 5 ) fixed installations. Surface forces have been used to provide defense zones around naval and merchant ship formations, air to furnish area surveillance, and mines for protection of limited areas. Submarines and shore installations are new elements. The submarine now has a definite place in submarine defense particularly in denying enemy access to ocean areas. Fixed installations offer possibilities for area detection. Mine warfare is being reoriented against submarine targets. A sixth element, not always considered, is intelligence. It includes operational intelligence of the enemy and knowledge of the environment. Operational intelligence presumably will",0,human_brown_corpus
"My interest in international relations is inspired by my participation in the Model United Nations club. I had the opportunity to represent different countries, debate international issues, and draft resolutions to address global crises. This experience helped me develop research, public speaking, and negotiation skills. I want to study international relations in college to prepare for a career in diplomacy or international development.",1,ai_style3_narrative_10
"The late R. G. Collingwood, a philosopher whose work has proved helpful to many students of literature, once wrote `` : : We are all, though many of us are snobbish enough to wish to deny it, in far closer sympathy with the art of the music-hall and picture-palace than with Chaucer and Cimabue, or even Shakespeare and Titian. By an effort of historical sympathy we can cast our minds back into the art of a remote past or an alien present, and enjoy the carvings of cavemen and Japanese colour-prints ; ; but the possibility of this effort is bound up with that development of historical thought which is the greatest achievement of our civilization in the last two centuries, and it is utterly impossible to people in whom this development has not taken place. The natural and primary aesthetic attitude is to enjoy contemporary art, to despise and dislike the art of the recent past, and wholly to ignore everything else ''. One might argue that the ultimate purpose of literary scholarship is to correct this spontaneous provincialism that is likely to obscure the horizons of the general public, of the newspaper critic, and of the creative artist himself. There results a study of literature freed from the tyranny of",0,human_brown_corpus
"Global economic interdependence has reached unprecedented levels in the modern era. The expansion of international trade, the integration of financial markets, and the rise of multinational corporations have created a complex web of economic relations. This interconnectedness offers numerous benefits, such as access to diverse goods and services, increased efficiency, and opportunities for economic growth in developing nations. However, it also introduces significant risks, as economic instability in one country can quickly propagate across the globe. Understanding the dynamics of global economics is essential for policymakers seeking to promote stability and equitable growth.",1,ai_style1_formal_7
"But it would not be very satisfactory to leave our conclusions at the point just reached. Fortunately, it is possible to be somewhat more concrete and factual in diagnosing the involvement of values in education. For this purpose we now draw upon data from sociological and psychological studies of students in American colleges and universities, and particularly from the Cornell Values Studies. In the latter research program, information is available for 2,758 Cornell students surveyed in 1950 and for 1,571 students surveyed in 1952. Of the latter sample, 944 persons had been studied two years earlier ; ; hence changes in attitudes and values can be analyzed for identical individuals at two points in time. In addition, the 1952 study collected comparable data from 4,585 students at ten other colleges and universities scattered across the country : Dartmouth, Harvard, Yale, Wesleyan, North Carolina, Fisk, Texas, University of California at Los Angeles, Wayne, and Michigan. We find, in the first place, that the students overwhelmingly approve of higher education, positively evaluate the job their own institution is doing, do not accept most of the criticisms levelled against higher education in the public prints, and, on the whole, approve of the way their university deals with",0,human_brown_corpus
"7-1. Examples of binomial experiments Some experiments are composed of repetitions of independent trials, each with two possible outcomes. The binomial probability distribution may describe the variation that occurs from one set of trials of such a binomial experiment to another. We devote a chapter to the binomial distribution not only because it is a mathematical model for an enormous variety of real life phenomena, but also because it has important properties that recur in many other probability models. We begin with a few examples of binomial experiments. Marksmanship example. A trained marksman shooting five rounds at a target, all under practically the same conditions, may hit the bull's-eye from 0 to 5 times. In repeated sets of five shots his numbers of bull's-eyes vary. What can we say of the probabilities of the different possible numbers of bull's-eyes?? Inheritance in mice. In litters of eight mice from similar parents, the number of mice with straight instead of wavy hair is an integer from 0 to 8. What probabilities should be attached to these possible outcomes?? Aces ( ones ) with three dice. When three dice are tossed repeatedly, what is the probability that the number of aces is 0",0,human_brown_corpus
"Community service is an important activity for students because it is seen as the fundamental and necessary step for obtaining a job in a university setting. This is in contrast to the role of social service providers in providing a safe environment for young people to thrive in. The need to provide education to young students at a young age is particularly important in places like New Zealand. In fact, it has already been argued by some that a ""safe environment"" might not be the right term. Some suggest that students should not have to take the risk of being thrown out of their home or forced to live in an isolated area for long periods of time. But I believe that the term has more meaning in the context of young workers in school, university and community service. I am not claiming that all young professionals, especially those in social work, need the same protections as those who are unemployed and unemployed in their field. For them, the safety of a social worker is less important than the benefits of employment. In fact there are benefits that are very important for them. One of the reasons that most people are surprised",1,ai_gpt2_continuation_3
"I believe that community service is one of the most rewarding activities a student can undertake. Throughout my high school career, I have dedicated myself to volunteering at various local organizations. Through these experiences, I have had the opportunity to develop leadership, teamwork, and communication skills. It is highly beneficial to engage with individuals from diverse backgrounds because it helps to build a more inclusive society. Ultimately, community service has allowed me to grow as a person and gain a deeper understanding of my civic duties.",1,ai_style3_narrative_0
"The significance of historical preservation lies in its ability to connect communities with their cultural heritage. Historic buildings, monuments, and documents serve as physical links to the past, providing tangible evidence of historical events and artistic achievements. Preserving these assets not only enriches the cultural landscape but also fosters a sense of identity and continuity. Moreover, historic preservation can stimulate local economies through tourism and revitalization efforts. Balancing the demands of modern development with the preservation of historical heritage is a complex but necessary task that requires collaboration among residents, developers, and local government.",1,ai_style1_formal_8
"From New Jersey, Morgan hastened to the headquarters of Washington at Whitemarsh, Pennsylvania, arriving there on November 18th. There was much sickness in the corps, and the men were, in addition, without the clothing, shoes, and blankets needed for the winter weather. Morgan himself had sciatica again. Even on his tough constitution, the exposure and strenuous activity were beginning to tell in earnest. On the morning of November 17th, Cornwallis and 2,000 men had left Philadelphia with the object of capturing Fort Mercer at Red Bank, New Jersey. In order to prevent this, Washington hastened to dispatch several units to reinforce the fort, including a force under the Marquis De Lafayette containing some 160 of Morgan's riflemen, all who were fit for duty at this time, the rest having no shoes. Although the fort was evacuated in the face of the force of Cornwallis, Morgan and his men did have a chance to take another swing at the redcoats. A picket guard of about 350, mostly Hessians, were attacked by the Americans under Lafayette, and driven back to their camp, some twenty to thirty of them falling before the riflemen's fire. `` I never saw",0,human_brown_corpus
"Exploring the history of scientific breakthroughs reveals that progress is rarely linear, but rather characterized by paradigm shifts and collaborative discoveries. Major advancements, such as the theory of relativity or the discovery of DNA, are built upon the foundational work of numerous researchers over generations. The scientific method, with its emphasis on replication and peer review, ensures that the scientific body of knowledge remains self-correcting and robust. Furthermore, the public communication of science is vital for fostering societal trust and ensuring that technological innovations are guided by ethical considerations.",1,ai_style2_analytical_7
"It is obvious enough that linguists in general have been less successful in coping with tone systems than with consonants or vowels. No single explanation is adequate to account for this. Improvement, however, is urgent, and at least three things will be needed. The first is a wide-ranging sample of successful tonal analyses. Even beginning students in linguistics are made familiar with an appreciable variety of consonant systems, both in their general outlines and in many specific details. An advanced student has read a considerable number of descriptions of consonantal systems, including some of the more unusual types. By contrast, even experienced linguists commonly know no more of the range of possibilities in tone systems than the over-simple distinction between register and contour languages. This limited familiarity with the possible phenomena has severely hampered work with tone. Tone analysis will continue to be difficult and unsatisfactory until a more representative selection of systems is familar to every practicing field linguist. Papers like these four, if widely read, will contribute importantly to improvement of our analytic work. The second need is better field techniques. The great majority of present-day linguists fall into one or more of a number of overlapping types : those who are convinced that tone cannot be analysed, those who are personally",0,human_brown_corpus
"High-gain, photoelectronic image intensification is applied under conditions of low incident light levels whenever the integration time required by a sensor or recording instrument exceeds the limits of practicability. Examples of such situations are ( aerial ) night reconnaissance, the recording of radioactive tracers in live body tissues, special radiography in medical or industrial applications, track recording of high energy particles, etc.. High-gain photoelectronic image intensification may be achieved by several methods ; ; some of these are listed below : ( A ) Cascading single stages by coupling lens systems, ( B ) Channel-type, secondary emission image intensifier, ( C ) Image intensifier based upon the `` multipactor '' principle, ( D ) Transmission secondary electron multiplication image intensifiers ( TSEM tubes ), ( E ) Cascading of single stages, enclosed in one common envelope. Cascading single stages by coupling lens systems",0,human_brown_corpus
"The importance of critical thinking in the digital age cannot be overstated. With the rapid proliferation of information and media online, individuals are constantly bombarded with diverse viewpoints, advertisements, and misinformation. Developing the ability to analyze sources, evaluate evidence, and identify logical fallacies is crucial for making informed decisions. Educational institutions have a responsibility to equip students with critical thinking skills, enabling them to navigate the digital landscape responsibly and engage constructivly in civic discourse.",1,ai_style1_formal_13
"Public health initiatives are essential for protecting and improving the well-being of populations. Unlike clinical medicine, which focuses on treating individual patients, public health emphasizes prevention, health promotion, and population-level interventions. Effective public health strategies address a wide range of factors, including infectious disease control, environmental safety, access to nutritious food, and the promotion of healthy lifestyles. The success of these initiatives relies on robust scientific data, strong policy frameworks, and active community participation to ensure health equity for all.",1,ai_style1_formal_12
"In the imagination of the nineteenth century the Greek tragedians and Shakespeare stand side by side, their affinity transcending all the immense contrarieties of historical circumstance, religious belief, and poetic form. We no longer use the particular terms of Lessing and Victor Hugo. But we abide by their insight. The word `` tragedy '' encloses for us in a single span both the Greek and the Elizabethan example. The sense of relationship overreaches the historical truth that Shakespeare may have known next to nothing of the actual works of Aeschylus, Sophocles, and Euripides. It transcends the glaring fact that the Elizabethans mixed tragedy and comedy whereas the Greeks kept the two modes severely distinct. It overcomes our emphatic awareness of the vast difference in the shape and fabric of the two languages and styles of dramatic presentation. The intimations of a related spirit and ordering of human values are stronger than any sense of disparity. Comparable visions of life are at work in Antigone and Romeo And Juliet. We see at once what Victor Hugo means when he calls Macbeth a northern",0,human_brown_corpus
"2 : : Some of the major functions of religion The place of religion in the simple, preliterate societies is quite definite ; ; as a complex it fits into the whole social organization and functions dominantly in every part of it. In societies like ours, however, its place is less clear and more complex. With the diversity of religious viewpoints, there are differences of opinion as to the essential features of religion ; ; and there are different opinions as to the essential functions of religion. Nevertheless, for most of the population of heterogeneous advanced societies, though less for the less religious portion, religion does perform certain modal individual and social functions. Although the inner functions of religion are not of direct significance in social organization, they have important indirect consequences. If the inner functions of religion are performed, the individual is a composed",0,human_brown_corpus
"`` Suppose you take Mr. Hearst's morning American at $10,000 a year '', Brisbane proposed. `` You could come down to the office once a day, look over a few exchanges, dictate an editorial, and then have the remainder of your time for your more serious literary labors. If within one year you can make a success out of the American, you can practically name your own salary thereafter. Of course, if you don't make the American a success, Hearst will have no further use for you ''. The blue-eyed Watson decided that he would dislike living in New York, and the deal fell through. Hearst's luck was even poorer when he had a chat with Franklin K. Lane, a prominent California journalist and reform politician, whom he asked for his support. Lane was still burning because he had narrowly missed election as governor of California in 1902 and laid his defeat to the antagonism of Hearst's San Francisco Examiner. Hearst disclaimed blame for this, but the conversation, according to Lane, ended on a tart note. `` Mr. Lane '', Hearst said, `` if you ever",0,human_brown_corpus
"Trevelyan's Liberalism was above all a liberalism of the spirit, a deep feeling of communion with men fighting for country and for liberty. His passion and enthusiasm convey the courage and high adventure of Garibaldi's exploits and give the reader a unique sense of participation in the events described. The three volumes brought to the fore a characteristic of Trevelyan's prose which remained conspicuous through his later works -- a genius for describing military action with clarity and with authority. The confused rambling of guerrilla warfare, such as most of Garibaldi's campaigns were, was brought to life by Trevelyan's pen in some of the best passages in the books. His personal familiarity with the scenes of action undoubtedly contributed much to the final result, but familiarity alone would not have been enough without other qualities. Military knowledge, love of detail, and a sure feeling for the portrayal of action were the added ingredients. But the Garibaldi volumes were more than a romantic story. Trevelyan contributed considerable new knowledge",0,human_brown_corpus
"The Summary Report On Desegregation Progress In Education In The Middle-South Region, 1959 - 1960 '' clearly shows two pieces of information. The Summary Report, which was prepared for this Conference, indicates, first, that actual or pending school desegregation is increasing ; ; second, that both actual and pending desegregation is, with few exceptions, the product or result of court order. The Report together with other information suggests that desegregation in the schools is slow. The Middle-South Region, as defined by the National Association of Intergroup Relations Officials ( NAIRO ), consists of the states of Kentucky, Maryland, Tennessee, West Virginia, Delaware, Virginia and the District of Columbia. The states and the Nation's Capital all have some desegregation, in fact some dating back to 1954 ; ; but the region also embraces some of the staunchest opposition. Desegregation has been opposed by massive resistance, interposition, pupil assignment ( with no assignments of Negro children ), and hate bombings. Desegregation and court order Now let's look at the evidence that shows the increase in desegregation and such increase as a result of court order. First Kentucky. Elementary school desegregation came to Owen and Union Counties, which already had high school desegregation. The action was",0,human_brown_corpus
"Assessing the value of public spaces in modern cities emphasizes their role in promoting social cohesion and public health. Parks, plazas, and community centers serve as gathering places for residents from diverse backgrounds, fostering a sense of community ownership and shared identity. Additionally, green spaces in urban environments mitigate the urban heat island effect, improve air quality, and provide opportunities for recreation and physical exercise. Designing accessible, safe, and well-maintained public spaces is therefore a critical component of municipal planning aimed at improving the overall liveability of cities.",1,ai_style2_analytical_8
"Even Hemingway, for all his efforts to formulate a naturalistic morality in The Sun Also Rises and A Farewell To Arms never maintained that sex was all. Hemingway's fiction is supported by a `` moral '' backbone and in its search for ultimate meaning hints at a religious dimension. And D. H. Lawrence, in Fantasia Of The Unconscious, protested vehemently against the overestimation of the sexual motive. Though sex in some form or other enters into all human activity and it was a good thing that Freud emphasized this aspect of human nature, it is fantastic to explain everything in terms of sex. `` All is not sex '', declared Lawrence. Man is not confined to one outlet for his vital energy. The creative urge, for example, transcends the body and the self. But for the beat generation all is sex. Nothing is more revealing of the way of life and literary aspirations of this group than their attitude toward sex. For the beatnik, like the hipster, is in opposition to a society that is based on the repression of the sex instinct. He has elevated sex -- not Eros or libido but pure, spontaneous, uninhibited sex -- to the rank of the godhead ; ; it is Astarte, Ishtar, Venus, Yahwe, Dionysus, Christ, the mysterious",0,human_brown_corpus
"Climate change stands as one of the most pressing challenges facing humanity in the twenty-first century. Scientific consensus overwhelmingly supports the conclusion that human activities, particularly the burning of fossil fuels and deforestation, have contributed significantly to the warming of our planet. The consequences of this warming are far-reaching and include rising sea levels, more frequent and severe weather events, and disruptions to ecosystems and biodiversity. Addressing climate change requires a comprehensive approach that encompasses individual action, corporate responsibility, and governmental policy. It is imperative that we act decisively and collaboratively to mitigate the effects of climate change and protect our planet for future generations.",1,ai_style1_formal_2
"Volunteering at the local hospital has solidified my desire to pursue a career in nursing. I had the privilege of assisting patients, talking with their families, and observing the dedication of the healthcare staff. This experience taught me that nursing is not just about clinical skills, but also about empathy and compassion. I am eager to begin my nursing education so that I can provide high-quality care to patients and support them during their most vulnerable moments.",1,ai_style3_narrative_4
"Playing on the varsity basketball team has been a highlight of my high school experience. Basketball is a fast-paced game that requires physical fitness, strategy, and teamwork. Being a student-athlete taught me how to manage my time effectively between practices, games, and academic responsibilities. I learned that success is the result of consistent preparation and the ability to work collaboratively with teammates under pressure.",1,ai_style3_narrative_9
"The role of literature in society extends far beyond simple entertainment. Throughout history, stories have served as a powerful medium for reflecting cultural values, challenging social norms, and fostering empathy. By engaging with diverse literary works, readers gain insight into different perspectives, historical eras, and human experiences. Furthermore, the analysis of literature encourages critical thinking and analytical skills, enabling individuals to interpret complex themes and symbols. In an era dominated by rapid information consumption, the slow, reflective practice of reading literature remains a vital component of intellectual development and cultural preservation.",1,ai_style1_formal_6
"In recollection he has said : `` Natural or man-made objects kept coming into my head, but I would suppress them sternly ''. Moreover, he organized the movement of his forms, within his rigorously shaped space, into highly complex equilibriums ; ; and used gradations of color value as well as sharply contrasting elementary colors. The worthy Mondrian, seeing these pictures, said in a tone of kindly reproof : `` But you are really an artist of the naturalistic tradition ''!! Helion did not realize it at the time, but it was true. His `` monumental '' abstraction, made up of smooth, metallic `` non-objects '' acting upon each other with great tension, won Helion much acclaim during the 'thirties. The play of novel lighting effects also entered into these compositions, whose controlled power and varied activity made them well worth meditating. As Helion's work showed more and more nostalgia for the world of man and nature, the pure abstractionists expressed some disapproval ; ; but Leger, Arp, Lipchitz and Alexander Calder, at the time, gave him their blessing. His canvases nowadays bore titles frankly declaring them to be `` Figures In Space '', or `` Blue Figure '', or `` Pink Figure '' ; ; and they had ( vaguely ) heads and",0,human_brown_corpus
"Historical preservation is vital for future generations to understand our nation's diverse heritage. The preservation of our historic monuments, including the World Trade Center, the Statue of Liberty, and the Lincoln Memorial are among the most important features of a nation of immigrants. For generations, our community has been dedicated to the preservation and preservation, protection, prosperity, freedom, liberty, justice and national unity of the United States. As the nation continues to celebrate the 50th anniversary of President Abraham Lincoln's birth, we honor the American ideals embodied by our Founding Fathers, by the founding fathers, that freedom should be available to every American. And that it should not be restricted to institutions that are based in religion, or that deny human rights. Our nation is full of diverse, hardworking men and women who share our values and traditions. We are also a country of honor and integrity. It is the country that builds great roads, bridges, schools, churches, communities, hospitals, libraries, mosques, museums, cultural centers, parks, airports, national parks and military installations. Those people who come from all walks",1,ai_gpt2_continuation_8
"Participating in the school science club has allowed me to apply classroom concepts to hands-on experiments. I worked on a team to design a solar-powered water filtration system for our school science fair. This project required us to research materials, test different designs, and troubleshoot electrical issues. Working on this project helped me develop problem-solving skills and taught me the importance of teamwork. I look forward to participating in similar research projects in college.",1,ai_style3_narrative_5
"Another element to concern the choreographer is that of the visual devices of the theatre. Most avant-garde creators, true to their interest in the self-sufficiency of pure movement, have tended to dress their dancers in simple lines and solid colors ( often black ) and to give them a bare cyclorama for a setting. But Robert Rauschenberg, the neo-dadaist artist, has collaborated with several of them. He has designed a matching backdrop and costumes of points of color on white for Mr. Cunningham's Summerspace, so that dancers and background merge into a shimmering unity. For Mr. Taylor's Images And Reflections she made some diaphanous tents that alternately hide and reveal the performer, and a girl's cape lined with grass. Mr. Nikolais has made a distinctive contribution to the arts of costume and decor. In fact, he calls his productions dance-theatre works of motion, shape, light, and sound. To raise the dancer out of his personal, pedestrian self, Mr. Nikolais has",0,human_brown_corpus
"Important as was Mr. O'Donnell's essay, his thesis is so restricting as to deny Faulkner the stature which he obviously has. He and also Mr. Cowley and Mr. Warren have fallen to the temptation which besets many of us to read into our authors -- Nathaniel Hawthorne, for example, and Herman Melville -- protests against modernism, material progress, and science which are genuine protests of our own but may not have been theirs. Faulkner's total works today, and in fact those of his works which existed in 1946 when Mr. Cowley made his comment, or in 1939, when Mr. O'Donnell wrote his essay, reveal no such simple attitude toward the South. If he is a traditionalist, he is an eclectic traditionalist. If he condemns the recent or the present, he condemns the past with no less force. If he sees the heroic in a Sartoris or a Sutpen, he sees also -- and he shows -- the blind and the mean, and he sees the Compson family disintegrating from within. If the barn-burner's family produces a Flem Snopes, who personifies commercialism and materialism in hyperbolic crassness, the Compson family produces a Jason Compson 4. Faulkner is a most untraditional traditionalist. Others writing on Faulkner have found the phrase `` traditional moralist '' either inadequate",0,human_brown_corpus
"Artistic expression has always been a fundamental part of art. It was all about feeling and expressing oneself and not having to look at the world as something else. Nowadays, however, the way to get out of this world is by simply being yourself. And to be yourself is the opposite of being a bad person. Being yourself means finding out the meaning of life that is around you and being who you are, not what you look like. If you have been in a situation where you feel the need to show yourself, you will find yourself doing something to change the situation, making it easier to deal with yourself and making the best of what is happening in your life. But this is not always possible. You have to figure out what's around your character and show it through yourself without being negative or doing the negative. This can be done by acting, seeing yourself as a person who is capable of doing what others think, or acting like a normal human being. In the end, this kind of self-reflection will help you to become more confident and selfless.",1,ai_gpt2_continuation_9
"The concept of leadership has evolved significantly over the past several decades. Traditional models of leadership, which emphasized hierarchical authority and top-down decision-making, have gradually given way to more collaborative and inclusive approaches. Modern leadership theory recognizes the importance of emotional intelligence, adaptability, and the ability to inspire and empower others. Effective leaders in today's complex organizations must navigate diverse perspectives, manage change, and foster innovation while maintaining a clear sense of purpose and direction. This evolution in leadership thinking reflects broader societal shifts toward greater inclusivity and recognition of the value of diverse viewpoints.",1,ai_style2_analytical_1
"There were fences in the old days when we were children. Across the front of a yard and down the side, they were iron, either spiked along the top or arched in half circles. Alley fences were made of solid boards higher than one's head, but not so high as the golden glow in a corner or the hollyhocks that grew in a line against them. Side fences were hidden beneath lilacs and hundred-leaf roses ; ; front fences were covered with Virginia creeper or trumpet vines or honeysuckle. Square corner- and gate posts were an open-work pattern of cast-iron foliage ; ; they were topped by steeples complete in every detail : high-pitched roof, pinnacle, and narrow gable. On these posts the gates swung open with a squeak and shut with a metallic clang. The only extended view possible to anyone less tall than the fences was that obtained from an upper bough of the apple tree. The primary quality of that view seems, now, to have been its quietness, but that cannot at the time have impressed us. What one actually remembers is its greenness. From high in the tree, the whole block lay within range of the eye, but the ground was almost nowhere visible. One looked down",0,human_brown_corpus
"Some years ago Julian Huxley proposed to an audience made up of members of the British Association for the Advancement of Science that `` man's supernormal or extra-sensory faculties are ( now ) in the same case as were his mathematical faculties during the ice age ''. As a Humanist, Dr. Huxley interests himself in the possibilities of human development, and one thing we can say about this suggestion, which comes from a leading zoologist, is that, so far as he is concerned, the scientific outlook places no rigid limitation upon the idea of future human evolution. This text from Dr. Huxley is sometimes used by enthusiasts to indicate that they have the permission of the scientists to press the case for a wonderful unfoldment of psychic powers in human beings. There may be a case of this sort, but it is not one we wish to argue, here. Even if people do, in a not far distant future, begin to read one another's minds, there will still be the question of",0,human_brown_corpus
"My decision to pursue a degree in business administration is informed by my experience working in my family's retail store. From a young age, I have been involved in managing inventory, assisting customers, and tracking sales. This hands-on experience gave me a practical understanding of how a small business operates. In college, I want to learn the theoretical principles of management, finance, and marketing to prepare myself for a successful career in the business world.",1,ai_style3_narrative_3
"Investigating the relationship between socioeconomic status and health outcomes underscores the critical importance of social determinants of health. Individuals from lower-income backgrounds consistently experience higher rates of chronic illness, reduced access to healthcare, and lower life expectancy compared to their wealthier counterparts. These disparities are driven by systemic factors such as housing quality, environmental exposures, educational opportunities, and nutritional access. Addressing these health inequalities requires comprehensive policy interventions that target social and economic factors in addition to clinical care services.",1,ai_style2_analytical_10
"Mental health awareness has become a critical topic of discussion in recent years, particularly in educational and professional settings. Historically, issues related to mental health were often stigmatized or ignored, leading to a lack of support for those in need. Today, there is a growing recognition that mental well-being is just as important as physical health. Addressing mental health challenges requires a multi-faceted approach, including increased access to counseling services, educational initiatives to reduce stigma, and the cultivation of supportive environments. By prioritizing mental health, communities can foster resilience, enhance productivity, and improve the overall quality of life for their members.",1,ai_style1_formal_5
"Once again, as in the days of the Founding Fathers, America faces a stern test. That test, as President Kennedy forthrightly depicted it in his State of the Union message, will determine `` whether a nation organized and governed such as ours can endure ''. It is well then that in this hour both of `` national peril '' and of `` national opportunity '' we can take counsel with the men who made the nation. Incapable of self-delusion, the Founding Fathers found the crisis of their time to be equally grave, and yet they had confidence that America would surmount it and that a republic of free peoples would prosper and serve as an example to a world aching for liberty. Seven Founders -- George Washington, Benjamin Franklin, John Adams, Thomas Jefferson, Alexander Hamilton, James Madison and John Jay -- determined the destinies of the new nation. In certain respects, their task was incomparably greater than ours today, for there was nobody before them to show them the way. As Madison commented to Jefferson in 1789, `` We are in a wilderness without a single footstep to guide us. Our successors will have an easier task ''. They thought of themselves, to use Jefferson's words,",0,human_brown_corpus
"The group, upon the issuance of its first press release on December 21, 1957, designated itself a `` Committee of Investigation ''. In the course of its inquiry, it took testimony from only seven witnesses. It heard Bang-Jensen twice and his lawyer, Adolf A. Berle, Jr., once. Its second press release was on January 15, 1958, and it recommended that the secret papers be destroyed. It also implied that Paul Bang-Jensen had been irresponsible. On January 18, Ernest Gross conducted a press conference at the U.N. lasting an hour. Here, he openly attacked Bang-Jensen and referred to his `` aberrant conduct ''. This conference was held despite Stavropoulos' assurance to Adolf Berle, who was leaving the same day for Puerto Rico, that nothing would be done until his return on January 22, except that the Secretary General would probably order the list destroyed. On January 24 Paul Bang-Jensen, accompanied by Adolf",0,human_brown_corpus
"Investigating the psychological effects of social media usage on adolescents highlights a complex array of positive and negative outcomes. On one hand, digital platforms facilitate social connection, self-expression, and access to supportive online communities. On the other hand, research indicates that excessive usage is correlated with increased rates of anxiety, depression, and sleep disruption among teenagers. The mechanisms driving these negative effects include social comparison, cyberbullying, and fear of missing out. Addressing these challenges requires collaborative efforts among parents, educators, and technology companies to promote healthy digital habits and implement protective platform designs.",1,ai_style2_analytical_6
"In sentences, patterns of stress are determined by complex combinations of influences that can only be suggested here. The tendency is toward putting dominant stress at the end. There is a parallel to this tendency in the assignment of time in long-known hymn tunes. Thus the first lines of one of Charles Wesley's hymns are as follows. `` A charge to keep I have, A God to glorify ''. In the tune to which this hymn is most often sung, `` Boylston '', the syllables have and fy, ending their lines, have twice the time any other syllables have. Dominant stress is of course more than extended duration, and normally centers on syllables that would have primary stress or phrase stress if the words or longer units they are parts of were spoken alone : a dominant stress given to glorify would normally center on its first syllable rather than its last. But the parallel is significant. When the answer to what's wrong now?? Is Bill's broken a chair, dominant stress will usually be on the complement a chair. From the point of view of syntactic analysis the head",0,human_brown_corpus
"Volunteering as a tutor for younger students has been an incredibly rewarding experience. I helped students who were struggling with math and science to improve their grades and build confidence. I learned that every student has a different learning style, and I had to adapt my teaching methods to meet their needs. This experience taught me patience, communication skills, and the value of mentorship.",1,ai_style3_narrative_11
"Die Frist ist um, und wiederum verstrichen sind sieben Jahr, the Maestro quoted The Flying Dutchman, as he told of his career and wanderings, explaining that the number seven had significantly recurred in his life several times. The music director of the Pittsburgh Symphony Orchestra, William Steinberg, has molded his group into a prominent musical organization, which is his life. When he added to his Pittsburgh commitments the directorship of the London Philharmonic Orchestra in 1958, he conducted one hundred fifty concerts within nine months, `` commuting '' between the two cities. This schedule became too strenuous, even for the energetic and conscientious Mr. Steinberg. His London contract was rescinded, and now, he explains cheerfully, as a bright smile lightens his intense, mobile face, `` I conduct only one hundred and twenty concerts ''!! Our meeting took place in May, 1961, during one of the Maestro's stop-overs in New York, before he left for Europe. As we began to converse in the lounge of his Fifth Avenue hotel, his restlessness and sensitivity to light and sound became immediately apparent. Seeking an obscure, dark, relatively quiet corner in the airy room otherwise suffused with afternoon sunshine, he asked if the soft background music could be turned off. Unfortunately",0,human_brown_corpus
"The development of effective study habits is a crucial determinant of academic success. Students who employ strategic approaches to learning, such as active recall, spaced repetition, and elaborative interrogation, consistently outperform their peers who rely on passive study methods. Time management skills are equally important, as they enable students to balance academic responsibilities with extracurricular activities and personal commitments. Additionally, creating an optimal study environment, maintaining physical and mental health, and seeking help when needed are all essential components of a comprehensive approach to academic achievement. By cultivating these habits early in their educational journey, students position themselves for long-term success.",1,ai_style2_analytical_4
"Scientific research is the cornerstone of technological innovation and human progress. By employing systematic observation, experimentation, and rigorous analysis, scientists uncover the fundamental laws governing our universe and develop practical solutions to complex problems. From medical breakthroughs that save lives to advancements in clean energy that address environmental challenges, the impact of scientific discovery is profound. Sustaining this progress requires significant investment in research and development, a commitment to scientific integrity, and the cultivation of a scientifically literate society that can make informed decisions based on empirical evidence.",1,ai_style1_formal_10
"In the past, the duties of the state, as Sir Henry Maine noted long ago, were only two in number : internal order and external security. By prevailing over other claimants for the loyalties of men, the nation-state maintained an adequate measure of certainty and order within its territorial borders. Outside those limits it asserted, as against other states, a position of sovereign equality, and, as against the `` inferior '' peoples of the non-Western world, a position of dominance. It became the sole `` subject '' of `` international law '' ( a term which, it is pertinent to remember, was coined by Bentham ), a body of legal principle which by and large was made up of what Western nations could do in the world arena. ( That corpus of law was a reflection of the power system in existence during the eighteenth and nineteenth centuries. Speaking generally, it furthered -- and still tends to further -- the interests of the Western powers. The enormous changes in world politics have, however, thrown it into",0,human_brown_corpus
"The plant was located west of the Battenkill and south of the location of the former electric light plant. The Manchester Depot Sewer Company issued 214 shares of stock at $10 each for construction of a sewer in that locality, and assessments were made for its maintenance. It has given considerable trouble at times and empties right into the Battenkill. Fire District No. 1 discussed its possible purchase in 1945, but considered it an unwise investment. The sewer on Bonnet Street was constructed when there were only a few houses on the street. As new homes were built they were connected so that all residences south of School Street are served by it. B. J. Connell is the present treasurer and manager. The 1946 town meeting voted to have the Selectmen appoint a committee to investigate and report on the feasibility of some system of sewage disposal and a disposal plant to serve Manchester Center, Depot, and Way's Lane",0,human_brown_corpus
"In examining the role of arts education in contemporary schools, several key factors emerge that warrant careful consideration. First and foremost, exposure to the arts has been shown to enhance cognitive development and creative problem-solving abilities. Studies conducted by leading educational researchers have demonstrated that students who participate in arts programs exhibit higher levels of academic achievement across all subject areas. Additionally, arts education fosters emotional intelligence and self-expression, providing students with healthy outlets for processing complex feelings and experiences. The integration of arts into the broader curriculum not only enriches the educational experience but also prepares students for success in an increasingly creative economy.",1,ai_style2_analytical_0
"Artistic expression is a fundamental aspect of the human experience, transcending cultural and temporal boundaries. Through various mediums such as painting, sculpture, music, and dance, individuals communicate complex ideas, emotions, and perspectives. Art serves not only as a reflection of societal values and historical contexts but also as a catalyst for social change by challenging established norms and provoking dialogue. Additionally, engaging with the arts has been shown to enhance cognitive development, foster empathy, and promote emotional well-being. Recognizing the value of artistic expression is essential for cultivating vibrant, creative, and inclusive communities.",1,ai_style1_formal_9
"My interest in psychology stems from my desire to understand the complexities of human behavior. I have taken courses in social psychology and developmental psychology in high school, which have introduced me to key theories and experiments. I am particularly interested in how social environments influence decision-making and mental health. In college, I plan to major in psychology and participate in research that explores how we can support individuals facing mental health challenges.",1,ai_style3_narrative_6
"Rather than being deceived, the eye is puzzled ; ; instead of seeing objects in space, it sees nothing more than -- a picture. Through 1911 and 1912, as the Cubist facet-plane's tendency to adhere to the literal surface became harder and harder to deny, the task of keeping the surface at arm's length fell all the more to eye-undeceiving contrivances. To reinforce, and sometimes to replace, the simulated typography, Braque and Picasso began to mix sand and other foreign substances with their paint ; ; the granular texture thus created likewise called attention to the reality of the surface and was effective over much larger areas. In certain other pictures, however, Braque began to paint areas in exact simulation of wood graining or marbleizing. These areas, by virtue of their abrupt density of pattern, stated the literal surface with such new and superior force that the resulting contrast drove the simulated printing into a depth from which it could be rescued -- and set to shuttling again --",0,human_brown_corpus
"Evaluating the impact of remote work on organizational culture reveals significant shifts in communication and employee engagement. The widespread adoption of telecommuting has offered employees greater flexibility and reduced commute times, contributing to improved work-life balance. However, organizations must address the challenges of maintaining team cohesion, preventing isolation, and ensuring effective collaboration in virtual environments. Successful adaptation requires companies to invest in robust digital infrastructure, establish clear communication protocols, and foster a culture of trust and outcomes-oriented performance metrics.",1,ai_style2_analytical_9
"Mando, pleading her cause, must have said that Dr. Brown was the most distinguished physician in the United States of America, for our man poured out his symptoms and drew a madly waving line indicating the irregularity of his pulse. `` He's got high blood pressure, too, and bum kidneys '', the doctor said to me. `` Transparent look, waxy skin -- could well be uremia ''. He looked disapprovingly at an ash tray piled high with cigarette stubs, shook his head, and moved his hand back and forth in a strong negative gesture. The little official hung his head in shame. Seeing this, his colleague at the next desk gave a short, contemptuous laugh, pushed forward his own ash tray, innocent of a single butt, thumped his chest to show his excellent condition, and looked proud. The doctor gravely nodded approval. At this moment Mando came hurrying up to announce that the problem was solved and all Norton had to do was",0,human_brown_corpus
"The vast Central Valley of California is one of the most productive agricultural areas in the world. During the summer of 1960, it became the setting for a bitter and basic labor-management struggle. The contestants in this economic struggle are the Agricultural Workers Organizing Committee ( AWOC ) of the AFL-CIO and the agricultural employers of the State. By virtue of the legal responsibilities of the Department of Employment in the farm placement program, we necessarily found ourselves in the middle between these two forces. It is not a pleasant or easy position, but one we have endeavored to maintain. We have sought to be strictly neutral as between the parties, but at the same time we have been required frequently to rule on specific issues or situations as they arose. Inevitably, one side was pleased and the other displeased, regardless of how we ruled. Often the displeased parties interpreted our decision as implying favoritism toward the other. We have consoled ourselves with the thought that this is a normal human reaction and is one of the consequences of any decision in an adversary proceeding. It is disconcerting, nevertheless, to read in a labor weekly, `` Perluss knuckles down to growers '', and then to be confronted with a growers' publication which states, `` Perluss recognizes obviously phony and trumped-up strikes as bona fide ''. For a",0,human_brown_corpus
"I feel obliged to describe this cubbyhole. It had a single porcelain stall and but one cabinet for the chairing of the bards. It was here that the terror-stricken Dennis Moon played an unrehearsed role during the children's party. A much larger room, adjacent to the lavatory, served as a passageway to and from the skimpy toilet. That unused room was large enough for -- well, say an elephant could get into it and, as a matter of fact, an elephant did. Something occurred on the morning of the children's party which may illustrate the kind of trouble our restricted toilet facilities caused us. It so happened that sports writer Arthur Robinson got out of the hospital that morning after promising his doctor that he be back in an hour or two to continue his convalescence. Arthur Robinson traveled with the baseball clubs as staff correspondent for the American. He was ghost writer for Babe Ruth, whose main talent for literary composition was the signing of his autograph. Robbie was a war veteran with battle-shattered knees. He arrived on crutches at the Newspaper Club with one of his great pals, Oliver Herford, artist, author, and foe of stupidity. Mr. Herford's appearance was that of a frustrated gnome. He seemed timid ( at first, ) wore nose",0,human_brown_corpus
"Community service provides invaluable opportunities for personal growth and civic engagement. Through volunteering, individuals develop empathy, leadership skills, and a deeper understanding of the challenges facing their communities. Research has consistently demonstrated that community service participation correlates with improved academic performance, enhanced social skills, and greater overall life satisfaction. Moreover, service activities create meaningful connections between individuals from diverse backgrounds, fostering a sense of shared purpose and mutual understanding. As educational institutions increasingly recognize the value of service learning, it is important to explore how community service can be effectively integrated into academic curricula.",1,ai_style1_formal_3
"The significance of cultural diversity in educational environments cannot be underestimated. Exposure to diverse perspectives and experiences enriches the learning process and prepares students for success in an increasingly globalized world. Research consistently demonstrates that diverse learning environments foster critical thinking, creativity, and problem-solving skills. Students who interact with peers from different cultural backgrounds develop greater empathy and cultural competence, qualities that are highly valued in both academic and professional settings. Educational institutions have a responsibility to create inclusive environments that celebrate diversity and provide equitable opportunities for all students.",1,ai_style2_analytical_3
"Criticism is as old as literary art and we can set the stage for our study of three moderns if we see how certain critics in the past have dealt with the ethical aspects of literature. I have chosen five contrasting pairs, ten men in all, and they are arranged in roughly chronological order. Such a list must naturally be selective, and the treatment of each man is brief, for I am interested only in their general ideas on the moral measure of literature. Altogether, the list will give us considerable variety in attitudes and some typical ones, for these critics range all the way from censors to those who consider art above ethics, all the way from Plato to Poe. And most of the great periods are represented, because we will compare Plato and Aristotle from the golden age of Greece ; ; Stephen Gosson and Sir",0,human_brown_corpus
"Education plays a pivotal role in shaping the trajectory of one's life. Throughout history, access to quality education has been a determining factor in individual success and societal progress. In today's rapidly evolving world, the importance of education cannot be overstated. It provides individuals with the knowledge, skills, and critical thinking abilities necessary to navigate complex challenges and contribute meaningfully to their communities. Furthermore, education serves as a great equalizer, offering opportunities for social mobility regardless of one's background. As we consider the future of education, it is essential to examine both its current strengths and areas where improvement is needed to ensure equitable access for all.",1,ai_style1_formal_0
"So far these remarks, like most criticisms of Hardy, have tacitly assumed that his poetry is all of a piece, one solid mass of verse expressing a sensibility at a single stage of development. For critics, Hardy has had no poetic periods -- one does not speak of early Hardy or late Hardy, or of the London or Max Gate period, but simply of Hardy, as of a poetic monolith. This seems odd when one recalls that he wrote poetry longer than any other major English poet : `` Domicilium '' is dated `` between 1857 and 1860 '' ; ; `` Seeing The Moon Rise '' is dated August, 1927. One might expect that in a poetic career of seventy-odd years, some changes in style and method would have occurred, some development taken place. This is not, however, the case,",0,human_brown_corpus
"Higher education offers many opportunities for personal growth and development, which makes it very attractive to recruit and retain talented individuals. In this context, high-level education may also provide students with higher educational options, and may contribute to a better future for both the student and the community. The following table summarizes the educational trends and implications for the development of students' academic opportunities. The tables further indicate that there are many factors to consider when considering the degree or certificate of admission for students as well as their potential for achieving academic success. As stated in the original, these changes in educational outcomes are driven by an increase in students who are receiving some or all of the available options at this college or university. A combination of changes to degree and certificate requirements, including those associated with the introduction of online degree courses and online courses from online colleges or universities, has contributed to the growth of higher education in recent years.",1,ai_gpt2_continuation_4
"I joined the school newspaper in my freshman year because I wanted to improve my writing skills. Over the past four years, I have written articles on campus events, student achievements, and local news. Serving as the editor-in-chief taught me how to manage a team, edit articles under tight deadlines, and make ethical editorial decisions. Journalism is a vital component of a democratic society, and I hope to continue writing in college.",1,ai_style3_narrative_8
"Control of socioeconomic status It would have been desirable for the two communities to have differed only in respect to the variable being investigated : the degree of structure in teaching method. The structured schools were in an industrial city, with three-family tenement houses typical of the residential areas, but with one rather sizable section of middle-class homes. The unstructured schools were in a large suburban community, predominantly middle- to upper-middle class, but fringed by an industrial area. In order to equate the samples on socioeconomic status, we chose schools in both cities on the basis of socioeconomic status of the neighborhoods. School principals and guidance workers made ratings of the various neighborhoods and the research team made independent observations of houses and dwelling areas. An objective scale was developed for rating school neighborhoods from these data. Equal proportions of children in each city were drawn from upper-lower and lower-middle class neighborhoods. Subjects Individual differences in maturation and the development of readiness for learning to read indicate that not until the third grade have most children had ample opportunity to demonstrate their capacity for school achievement. Therefore, third-grade children were chosen as subjects for this study. For purposes of sample selection only ( individual tests were given later ) we obtained group test scores of reading",0,human_brown_corpus
"Cook had discovered a beef in his possession a few days earlier and, when he could not show the hide, arrested him. Thinking the evidence insufficient to get a conviction, he later released him. Even while suffering the trip to his home, Cook swore to Moore and Lane that he would kill the Indian. Three weeks later, following his recovery, armed with a writ issued by the Catskill justice on affidavits prepared by the district attorney, Cook and Russell rode to arrest Martinez. Arriving at daybreak, they found Julio in his corral and demanded that he surrender. Instead, he whirled and ran to his house for a gun, forcing them to kill him, Cook reported. Both Cook's and Russell's lives were threatened by the Mexicans following the killing, but the company officers felt that in the end, it would serve to quiet them",0,human_brown_corpus
"Analyzing the role of ethics in artificial intelligence development is essential as these technologies become increasingly integrated into decision-making systems. Algorithms used in areas such as hiring, lending, and criminal justice must be carefully evaluated to prevent bias, ensure transparency, and protect individual privacy. The development of ethical AI frameworks requires interdisciplinary collaboration among computer scientists, ethicists, legal scholars, and policymakers. Establishing clear standards for algorithmic accountability and human oversight is crucial for building public trust and ensuring technology serves the public good.",1,ai_style2_analytical_11
"The `` reality '' to which they respond is rationally empty and their art is an imitation of the inescapable powerfulness of this unknown and empty world. Their artistic rationale is given to the witness of unreason. These polar concerns ( imitation vs. formalism ) reflect a philosophical and religious situation which has been developing over a long period of time. The breakdown of classical structures of meaning in all realms of western culture has given rise to several generations of artists who have documented the disintegrative processes. Thus the image of man has suffered complete fragmentation in personal and spiritual qualities, and complete objectification in sub-human and quasi-mechanistic powers. The image of the world tends to reflect the hostility and indifference of man or else to dissolve into empty spaces and overwhelming mystery. The image of God has simply disappeared. All such imitations of negative quality have given rise to a compensatory response in the form of a heroic and highly individualistic humanism : if man can neither know nor love reality as it is, he can at least invent an",0,human_brown_corpus
"For here if anywhere in contemporary literature is a major effort to counterbalance Existentialism and restore some of its former lustre to the tarnished image of the species Man, or, as Malraux himself puts it, `` to make men conscious of the grandeur they ignore in themselves ''. 1, Andre Malraux's The Walnut Trees Of Altenburg was written in the early years of the second World War, during a period of enforced leisure when he was taken prisoner by the Germans after the fall of France. The manuscript, presumably after being smuggled out of the country, was published in Switzerland in 1943. The work as it stands is not the entire book that Malraux wrote at that time -- it is only the first section of a three-part novel called La Lutte avec l'Ange ; ; and this first section was somehow preserved ( there are always these annoying little mysteries about the actual facts of Malraux's life ) when the Gestapo destroyed the rest. If we are to believe the list of titles printed in Malraux's latest book, La Metamorphose Des Dieux, Vol. 1 ( ( 1957 ), he is still engaged in writing a large novel under his original title. But as he remarks in his preface to The Walnut Trees,",0,human_brown_corpus
"Examining the relationship between physical activity and academic performance reveals a compelling body of evidence supporting the integration of exercise into educational settings. Regular physical activity has been shown to improve concentration, memory, and cognitive function, all of which are essential components of academic success. Furthermore, participation in organized sports and physical education programs develops important life skills such as teamwork, discipline, and goal-setting. Schools that prioritize physical activity report lower rates of absenteeism and behavioral issues, suggesting that movement is not merely a complement to learning but a fundamental component of it.",1,ai_style2_analytical_2
"For by now the original cause of the quarrel, Philip's seizure of Gascony, was only one strand in the spider web of French interests that overlay all western Europe and that had been so well and closely spun that the lightest movement could set it trembling from one end to the other. Even so, Edward's ambassadors can scarcely have foreseen that five years of unremitting work lay ahead of them before peace was finally made and that when it did come the countless embassies that left England for Rome during that period had very little to do with it. It is hard not to lay most of the blame for their failures on the pope. Nogaret is hardly an impartial witness, and even he did not make his charges against Boniface until the latter was dead, but there is some truth in what he said and more in what he did not say. It was not merely a hunger for `` money, gold and precious objects '' that",0,human_brown_corpus
"In assessing the outlook for interest rates in 1961, the question, as always, is the prospect for general business activity. By and large, what happens to business as a whole will govern the relationship between demand and supply conditions in the capital markets and will thus determine interest rates. Moreover, the trend of general business activity in 1961 will exert a decisive influence on fiscal, monetary, and other Federal policies which affect interest rates. Nineteen-sixty has been a baffling year for analysts of general business activity. During much of the year the general level of business activity has moved along on a record-high plateau, but there have been persistent signs of slack in the economy. The tendency for general business activity to soften somewhat is becoming more evident. Although the pause in the advance of general business activity this year has thus far been quite modest, it is hard to escape the conclusion that the softening process will continue into the first quarter of 1961 and possibly somewhat longer. It is difficult to see any powerful sources of strength on",0,human_brown_corpus
"The concept of sustainability has evolved from a niche environmental concern to a defining framework for modern society. At its core, sustainability involves meeting the needs of the present without compromising the ability of future generations to meet their own. This principle applies to ecological preservation, economic development, and social equity. Implementing sustainable practices requires a fundamental shift in how we produce and consume resources, design cities, and evaluate progress. By adopting sustainable frameworks, businesses, governments, and individuals can work together to build a resilient and equitable future.",1,ai_style1_formal_11
"A band viscometer is shown in Figure 2. It consists of two blocks with flat surfaces held apart by shims. There is a small well in the top in which the fluid or paste to be tested is placed. A tape of cellulose acetate is pulled between the blocks and the tape pulls the fluid or paste with it between the parallel faces of the blocks. In normal use weights are hung on the end of the tape and allowed to pull the tape and the material to be tested between the blocks. After it has reached terminal velocity, the time for the tape to travel a known distance is recorded. By the use of various weights, data for a force-rate of shear graph can be obtained. The instrument used for this work was a slight modification of that previously described. In this test a Af tape was pulled between the blocks with a motor and pulley at a rate of Af with a clearance of 0.002'' '' on each side of the tape. This gives a rate of shear of Af. This, however,",0,human_brown_corpus
"In one of the very few letters in which he ever complained of Meynell, Thompson told Patmore of his distress at having had to leave London before this new friendship had developed further : `` That was a very absurd and annoying situation in which I was placed by W. M.'s curious methods of handling me. He never let me know that my visit was about to terminate until the actual morning I was to leave for Lymington. The result was that I found myself in the ridiculous position of having made a formal engagement by letter for the next week, only two days before my departure from London. Luckily both women knew my position and if anyone suffered in their opinion it was not I ''. It need hardly be remarked that Thompson was not generally known for his scrupulosity about keeping his social engagements, which makes his irritation in this letter all the more significant. When Thompson and her daughter began a correspondence which included fervent verses from Pantasaph, Mrs. King felt a proper Victorian alarm. Some, she knew, looked upon Thompson almost as a saint, but others read in `` The Hound Of Heaven '' what they took to be the confessions",0,human_brown_corpus
